RMSE,MAPE
188.3970222308274,9.12477033105088
