RMSE,MAPE
45.06165827206199,2.9598034276415106
