RMSE,MAPE
177.42555120042385,11.68362372782903
