RMSE,MAPE
45.06166182341715,2.959803637293951
