RMSE,MAPE
218.24861256505065,14.3195251852421
