RMSE,MAPE
212.83973607117423,11.86474843949229
